product,review
Headphones,"These headphones are amazing, great sound quality!"
Laptop,"Terrible performance, the laptop crashes a lot."
Coffee Maker,"Makes perfect coffee, I love it!"
Keyboard,"Keys are too hard to press, not comfortable."
Smartwatch,Absolutely fantastic features and battery backup!
Bluetooth Speaker,"Sound quality is super crisp, totally worth it!"
Air Fryer,Cooks well but the build quality feels cheap.
Mobile Phone,Amazing camera but battery drains too fast.
Tablet,"Perfect for reading, I absolutely love it."
Backpack,"Not very spacious, straps feel weak."
Shoes,"Super comfortable and light-weight, great for walking!"
Water Bottle,"Keeps water cold for hours, fantastic product."
Charger,"Stopped working after a week, terrible experience."
Gaming Mouse,"Very smooth clicks, perfect for gaming sessions!"
Power Bank,"Charges fast but heats up a lot, not happy."
